title,authors,year,url,source
"A Privacy-Preserving Aid Distribution System with Assessment Capabilities; Or, a Case Study on Threat Modelling and System Design","Christian Knabenhans, Lucy Qin, Justinas Sukaitis, Vincent Graf Narbel, Carmela Troncoso",2025,https://realworldcrypto.iacr.org/2025/acceptedtalks.php,https://realworldcrypto.iacr.org/2025/acceptedtalks.php
Analyzing Chat Encryption in Group Messaging Applications,"Joseph Jaeger, Akshaya Kumar, Igors Stepanovs",2025,https://realworldcrypto.iacr.org/2025/acceptedtalks.php,https://realworldcrypto.iacr.org/2025/acceptedtalks.php
Apple’s Real World Deployment of Homomorphic Encryption at Scale,"Rehan Rishi, Haris Mughees, Fabian Boemer, Karl Tarbe, Nicholas Genise, Akshay Wadia, Ruiyu Zhu",2025,https://realworldcrypto.iacr.org/2025/acceptedtalks.php,https://realworldcrypto.iacr.org/2025/acceptedtalks.php
Attacking and Improving the Tor Directory Protocol,"Zhongtang Luo, Adithya Bhat, Kartik Nayak, Aniket Kate",2025,https://realworldcrypto.iacr.org/2025/acceptedtalks.php,https://realworldcrypto.iacr.org/2025/acceptedtalks.php
Auditing Key Transparency,"Mari Galicer, Kevin Lewi, Thibault Meunier",2025,https://realworldcrypto.iacr.org/2025/acceptedtalks.php,https://realworldcrypto.iacr.org/2025/acceptedtalks.php
Blast-RADIUS: breaking enterprise network authentication,"Sharon Goldberg, Miro Haller, Nadia Heninger, Mike Milano, Dan Shumow, Marc Stevens, Adam Suhl",2025,https://realworldcrypto.iacr.org/2025/acceptedtalks.php,https://realworldcrypto.iacr.org/2025/acceptedtalks.php
Breaking and Fixing Length Leakage in Content-Defined Chunking,"Kien Tuong Truong, Matteo Scarlata, Simon Phillipp Merz, Felix Günther, Kenny Paterson",2025,https://realworldcrypto.iacr.org/2025/acceptedtalks.php,https://realworldcrypto.iacr.org/2025/acceptedtalks.php
D(e)rive with Care: Lessons Learned from Analyzing Real-World Multi-Input Key Derivation Functions,"Matilda Backendal, Sebastian Clermont, Marc Fischlin, Felix Günther, Miro Haller, Matteo Scarlata",2025,https://realworldcrypto.iacr.org/2025/acceptedtalks.php,https://realworldcrypto.iacr.org/2025/acceptedtalks.php
Deploying MPC in Open Finance: Challenges and Opportunities,"Nidhish Bhimrajka, Yashvanth Kondi, Daniel Noble, Supreeth Varadarajan",2025,https://realworldcrypto.iacr.org/2025/acceptedtalks.php,https://realworldcrypto.iacr.org/2025/acceptedtalks.php
Deploying TLS Oracles Using Interactive ZK,Xiang Xie,2025,https://realworldcrypto.iacr.org/2025/acceptedtalks.php,https://realworldcrypto.iacr.org/2025/acceptedtalks.php
EU Digital Identity and Anonymous Credentials - A Happy End?,Anja Lehmann,2025,https://realworldcrypto.iacr.org/2025/acceptedtalks.php,https://realworldcrypto.iacr.org/2025/acceptedtalks.php
Exploiting Vulnerable Implementations of ZK-based Cryptographic Schemes Used in the Ethereum Ecosystem,"Oana Ciobotaru, Maxim Peter, Vesselin Velichkov, Sam Wong, Nikesh Nazareth",2025,https://realworldcrypto.iacr.org/2025/acceptedtalks.php,https://realworldcrypto.iacr.org/2025/acceptedtalks.php
Field Experiments on Post-Quantum DNSSEC,"Jason Goertzen, Carlos Aguilar Melchor, Shumon Huque, Peter Thomassen, Nils Wisiol, Aydın Mercan",2025,https://realworldcrypto.iacr.org/2025/acceptedtalks.php,https://realworldcrypto.iacr.org/2025/acceptedtalks.php
Formally analyzing a cryptographic protocol standard (or: how MLS kept this PhD student busy for three years),Théophile Wallez,2025,https://realworldcrypto.iacr.org/2025/acceptedtalks.php,https://realworldcrypto.iacr.org/2025/acceptedtalks.php
How to Properly Open Source Code: Lessons Learned from the Linux Foundation,Hart Montgomery,2025,https://realworldcrypto.iacr.org/2025/acceptedtalks.php,https://realworldcrypto.iacr.org/2025/acceptedtalks.php
I know what your compiler did: Optimization Effects on Power Side-Channel Leakage for RISC-V,"Asmita Adhikary, Abraham J. Basurto Becerra, Lejla Batina, Ileana Buhan, Durba Chatterjee, Senna van Hoek, Eloi Sanfelix Gonzalez",2025,https://realworldcrypto.iacr.org/2025/acceptedtalks.php,https://realworldcrypto.iacr.org/2025/acceptedtalks.php
Kemeleon: Elligator-like Obfuscation for Post-Quantum Cryptography,"Felix Günther, Michael Rosenberg, Douglas Stebila, Shannon Veitch",2025,https://realworldcrypto.iacr.org/2025/acceptedtalks.php,https://realworldcrypto.iacr.org/2025/acceptedtalks.php
Mesh Messaging for Large-Scale Protests: Cryptography Alone Won't Save Us,"David Inyangson, Sarah Radway, Tushar M. Jois, Nelly Fazio, James Mickens",2025,https://realworldcrypto.iacr.org/2025/acceptedtalks.php,https://realworldcrypto.iacr.org/2025/acceptedtalks.php
"Mind the Gap! Secure File Sharing, from Theory to Practice","Matilda Backendal, David Balbás, Nicola Dardanis, Miro Haller, Matteo Scarlata",2025,https://realworldcrypto.iacr.org/2025/acceptedtalks.php,https://realworldcrypto.iacr.org/2025/acceptedtalks.php
No More Guesswork: Ready-to-Use Distributed Key Generation,"Jonas Nick, Tim Ruffing",2025,https://realworldcrypto.iacr.org/2025/acceptedtalks.php,https://realworldcrypto.iacr.org/2025/acceptedtalks.php
Provable Security for End-to-End Encrypted Cloud Storage,"Matilda Backendal, Hannah Davis, Felix Günther, Miro Haller, Kenny Paterson",2025,https://realworldcrypto.iacr.org/2025/acceptedtalks.php,https://realworldcrypto.iacr.org/2025/acceptedtalks.php
QRYPT: End-to-End Encrypted Audio Calls via Blind Audio Mixing,"Emad Heydari Beni, Lode Hoste, Geert Heyman, Paschalis Tsiaflakis, Barry van Leeuwen, Robin Geelen, Marc Rivinius, Claudia Bartoli",2025,https://realworldcrypto.iacr.org/2025/acceptedtalks.php,https://realworldcrypto.iacr.org/2025/acceptedtalks.php
Randomness beacons in theory and practice,Joseph Bonneau,2025,https://realworldcrypto.iacr.org/2025/acceptedtalks.php,https://realworldcrypto.iacr.org/2025/acceptedtalks.php
Stealing Cryptographic Keys with Weird Gates,"Eyal Ronen, Chitchanok Chuengsatiansup, Yuval Yarom",2025,https://realworldcrypto.iacr.org/2025/acceptedtalks.php,https://realworldcrypto.iacr.org/2025/acceptedtalks.php
Stronger Privacy for Existing Credentials,"Christian Paquin, Guru Vamsi Policharla, Greg Zaverucha",2025,https://realworldcrypto.iacr.org/2025/acceptedtalks.php,https://realworldcrypto.iacr.org/2025/acceptedtalks.php
Teaching an Old Dog New Tricks: Verifiable FHE Using Commodity Hardware,"Jules Drean, Fisher Jepsen, G. Edward Suh, Srini Devadas, Aamer Jaleel, Gururaj Saileshwar",2025,https://realworldcrypto.iacr.org/2025/acceptedtalks.php,https://realworldcrypto.iacr.org/2025/acceptedtalks.php
Testing Side-channel Security of Cryptographic Implementations against Future Microarchitectures,"Gilles Barthe, Marcel Boehme, Sunjay Cauligi, Chitchanok Chuengsatiansup, Daniel Genkin, Marco Guarnieri, David Mateos Romero, Peter Schwabe, David Wu, Yuval Yarom",2025,https://realworldcrypto.iacr.org/2025/acceptedtalks.php,https://realworldcrypto.iacr.org/2025/acceptedtalks.php
The Triple Ratchet Protocol: A Bandwidth Efficient Hybrid-Secure Signal Protocol,"Shuichi Katsumata, Benedikt Auerbach, Yevgeniy Dodis, Daniel Jost, Thomas Prest, Rolfe Schmidt",2025,https://realworldcrypto.iacr.org/2025/acceptedtalks.php,https://realworldcrypto.iacr.org/2025/acceptedtalks.php
Toward revocation checking that works,John Schanck,2025,https://realworldcrypto.iacr.org/2025/acceptedtalks.php,https://realworldcrypto.iacr.org/2025/acceptedtalks.php
Using Formally Verified Post-Quantum Algorithms at Scale,"Thyla van der Merwe, Karthikeyan Bhargavan, Lucas Franceschino, Franziskus Kiefer, Andres Erbsen",2025,https://realworldcrypto.iacr.org/2025/acceptedtalks.php,https://realworldcrypto.iacr.org/2025/acceptedtalks.php
What Happened to the ZK Dream?,"Carmit Hazay, Tarik Riviere, Muthuramakrishnan Venkitasubramaniam, Ruihan Wang",2025,https://realworldcrypto.iacr.org/2025/acceptedtalks.php,https://realworldcrypto.iacr.org/2025/acceptedtalks.php
Zero-knowledge Proofs for Legacy Signatures,"Pui Yung Anna Woo, Chad Sharp, Paul Grubbs, Chris Peikert",2025,https://realworldcrypto.iacr.org/2025/acceptedtalks.php,https://realworldcrypto.iacr.org/2025/acceptedtalks.php
zkLogin: Privacy-Preserving Blockchain Authentication with Existing Credentials,"Foteini Baldimtsi, Konstantinos Kryptos Chalkias, Yan Ji, Jonas Lindstrom, Deepak Maram, Ben Riva, Arnab Roy, Mahdi Sedaghat, Joy Wang",2025,https://realworldcrypto.iacr.org/2025/acceptedtalks.php,https://realworldcrypto.iacr.org/2025/acceptedtalks.php
