rank,research_direction,2017,2018,2019,2020,2021,2022,2023,2024,2025,2026,total_2017_2026,hot_years_gt_10,hot_topic
1,Lattice KEM attacks and security analysis,17,23,22,24,45,55,62,63,72,66,449,"2017, 2018, 2019, 2020, 2021, 2022, 2023, 2024, 2025, 2026",yes
2,Lattice reduction and PQC security estimation,22,36,27,40,22,36,49,54,71,72,429,"2017, 2018, 2019, 2020, 2021, 2022, 2023, 2024, 2025, 2026",yes
3,Differential and linear cryptanalysis of block ciphers,28,25,29,31,37,42,45,49,55,63,404,"2017, 2018, 2019, 2020, 2021, 2022, 2023, 2024, 2025, 2026",yes
4,Post-quantum cryptography implementation and leakage,5,6,22,13,31,37,41,50,75,59,339,"2019, 2020, 2021, 2022, 2023, 2024, 2025, 2026",yes
5,Fault injection against cryptographic implementations,25,25,31,36,25,34,43,40,42,37,338,"2017, 2018, 2019, 2020, 2021, 2022, 2023, 2024, 2025, 2026",yes
6,Anonymous credentials and blind signatures,12,12,18,16,15,29,42,38,68,65,315,"2017, 2018, 2019, 2020, 2021, 2022, 2023, 2024, 2025, 2026",yes
7,Threshold and distributed signature protocols,4,8,14,24,21,30,40,47,58,69,315,"2019, 2020, 2021, 2022, 2023, 2024, 2025, 2026",yes
8,MPC preprocessing and communication efficiency,21,21,22,31,31,31,29,33,50,43,312,"2017, 2018, 2019, 2020, 2021, 2022, 2023, 2024, 2025, 2026",yes
9,Power and electromagnetic attacks on post-quantum implementations,4,4,7,10,17,42,36,39,58,54,271,"2021, 2022, 2023, 2024, 2025, 2026",yes
10,Masking and leakage-resistant implementation techniques,22,17,11,16,30,38,32,25,27,33,251,"2017, 2018, 2019, 2020, 2021, 2022, 2023, 2024, 2025, 2026",yes
11,Private set intersection protocols,9,9,10,18,22,25,27,47,42,35,244,"2020, 2021, 2022, 2023, 2024, 2025, 2026",yes
12,FHE implementation and hardware acceleration,8,10,9,11,22,19,36,34,29,26,204,"2020, 2021, 2022, 2023, 2024, 2025, 2026",yes
13,Zero-knowledge proof aggregation and succinctness,6,2,11,12,15,20,16,43,33,35,193,"2019, 2020, 2021, 2022, 2023, 2024, 2025, 2026",yes
14,Malicious-secure MPC protocol construction,11,16,14,17,13,20,21,19,25,17,173,"2017, 2018, 2019, 2020, 2021, 2022, 2023, 2024, 2025, 2026",yes
15,Dilithium/ML-DSA signature construction and optimization,2,5,5,5,8,20,22,23,37,40,167,"2022, 2023, 2024, 2025, 2026",yes
16,Zero-knowledge folding and recursive proof systems,0,1,4,6,4,9,17,39,33,28,141,"2023, 2024, 2025, 2026",yes
17,Other lattice signature construction and efficiency,11,9,10,5,6,14,18,15,24,20,132,"2017, 2022, 2023, 2024, 2025, 2026",yes
18,Cache and timing attacks on cryptographic implementations,10,12,21,9,15,12,13,13,12,14,131,"2018, 2019, 2021, 2022, 2023, 2024, 2025, 2026",yes
19,Verifiable computation and SNARK-based applications,2,1,6,11,5,6,11,26,27,10,105,"2020, 2023, 2024, 2025",yes
20,Falcon signature construction and implementation,0,0,6,0,5,12,15,15,24,27,104,"2022, 2023, 2024, 2025, 2026",yes
21,zkSNARK lookup arguments and arithmetization,1,0,0,2,3,14,20,18,20,24,102,"2022, 2023, 2024, 2025, 2026",yes
22,TFHE bootstrapping improvements,4,0,0,1,5,12,13,16,33,13,97,"2022, 2023, 2024, 2025, 2026",yes
23,CKKS bootstrapping improvements,0,0,1,4,5,4,4,10,17,24,69,"2025, 2026",yes
24,BGV/BFV bootstrapping improvements,0,1,2,1,2,4,5,14,10,6,45,2024,yes
25,FHE key switching and modulus switching,0,1,1,0,2,2,5,4,6,6,27,,no
26,Universal composability proofs for multiparty protocols,2,0,0,1,1,2,0,1,6,3,16,,no
